<CARTA>
  <GRUP>
    <NOM>Entrants</NOM>
    <PLAT>
      <NOM>Braves</NOM>
      <DESCRIPCIO>Mitges llunes de patata, fregides amb salsa brava lleugerament picant.</DESCRIPCIO>
      <PREU>3.50</PREU>
    </PLAT>
    <PLAT>
      <NOM>Olives</NOM>
      <DESCRIPCIO>Olives variades de la terra.</DESCRIPCIO>
      <PREU>2.00</PREU>
    </PLAT>
  </GRUP>
  <GRUP>
    <NOM>Principals</NOM>
    <PLAT>
      <NOM>Fideuà</NOM>
      <DESCRIPCIO>Fideuà amb marisc fresc.</DESCRIPCIO>
      <PREU>12.50</PREU>
    </PLAT>
    <PLAT>
      <NOM>Entrecot</NOM>
      <DESCRIPCIO>Entrecot de vedella a la brasa.</DESCRIPCIO>
      <PREU>18.00</PREU>
    </PLAT>
  </GRUP>
   <GRUP>
    <NOM>POSTRES</NOM>
    <PLAT>
      <NOM>Flam</NOM>
      <DESCRIPCIO>Flam casolà.</DESCRIPCIO>
      <PREU>7.50</PREU>
    </PLAT>
    <PLAT>
      <NOM>Profiteroles</NOM>
      <DESCRIPCIO>Amb xocolata blanc.</DESCRIPCIO>
      <PREU>8.00</PREU>
    </PLAT>
  </GRUP>
</CARTA>
